{
   "entrezId":26235,
   "lof":{
      "oeLower":0.418,
      "obs":17,
      "oeUpper":0.918,
      "pLI":1.1383616416957005e-8,
      "z":1.8959518934181465,
      "oe":0.6118457183492694,
      "exp":27.784782160223642
   },
   "ensemblId":"ENSG00000112234",
   "syn":{
      "oeLower":0.873,
      "obs":123,
      "oeUpper":1.175,
      "z":-0.10088421318771912,
      "oe":1.0116390408754525,
      "exp":121.58486874286527
   },
   "mis":{
      "oeLower":0.83,
      "obs":299,
      "oeUpper":1.006,
      "z":0.5546749707485061,
      "oe":0.9137136032171864,
      "exp":327.23601678602654
   }
}
